Crown Diameter,Leaf Shape,Fruit Diameter,Fruit Shape,Stem Diameter,Intermediary Fruit Color,Pericarp Thickness,Leaf Size,Fresh Matter,Fruit Weight,Branch Density,Corolla Color,Ripe Fruit Color,Dry Matter,Fruit Height,Stem Length,Immature Fruit Color,Corolla Diameter,Fruit Length,Seeds/fruit,Species
113.8621,1,2.0080,3,1.0933,2,0.0601,14.6245,3.6871,4.1095,3,3,5,0.2823,149.5952,74.9808,2,1.5889,5.5773,12,Chinense
92.0024,1,2.0163,4,0.8742,1,0.3198,10.0594,4.7941,5.0077,4,2,6,0.5116,174.7193,45.8386,1,1.5676,4.7479,17,Chinense
113.6083,3,1.6555,4,1.0541,2,0.3077,14.9032,3.5271,4.0095,4,2,4,0.3221,157.7470,71.5311,1,1.6527,5.3349,13,Chinense
102.2471,3,1.8089,4,0.9682,2,0.0949,12.3750,4.3288,4.4589,2,2,6,0.4232,168.1651,61.3423,3,1.5292,5.0643,15,Chinense
124.5389,1,2.5299,2,0.6790,4,0.3584,9.0120,4.8359,5.2392,5,1,6,0.4805,176.3840,54.4461,1,1.4857,4.6757,15,Chinense
55.4345,1,2.3891,3,0.8940,2,0.2867,11.9027,5.2419,5.6119,3,2,6,0.4642,158.6868,54.6794,2,1.6202,6.2804,18,Chinense
115.8840,1,2.0832,6,0.6213,2,0.1714,14.4721,4.0328,4.2985,2,2,5,0.4072,119.7967,70.7672,2,1.5023,5.8814,11,Chinense
125.9423,2,1.9631,3,1.1834,2,0.4003,17.5899,3.6270,3.6049,3,1,9,0.5097,205.4085,102.4375,1,1.5698,5.5797,13,Chinense
157.7753,3,2.0479,4,1.0025,3,0.2896,13.3014,3.7160,3.9504,3,1,6,0.4465,128.1952,72.8270,3,1.5585,5.0773,9,Chinense
127.1264,2,2.2944,2,1.3616,1,0.3187,16.1120,3.8104,4.1356,3,1,5,0.4842,204.1366,96.8669,2,1.6757,5.3873,13,Chinense
114.9503,1,1.8899,3,1.2019,2,0.2220,18.6266,3.3250,3.3024,3,1,6,0.4966,179.4368,98.6820,2,1.7414,5.7641,12,Chinense
151.6429,1,1.3015,5,1.0516,2,0.2863,16.4037,2.8152,2.9907,3,2,6,0.4240,165.9001,84.7274,2,1.5540,4.4998,10,Chinense
119.8693,1,1.8171,2,1.0123,2,0.2576,15.6740,3.6341,4.2130,4,2,6,0.6196,150.1600,81.6517,1,1.8729,5.5069,11,Chinense
91.7513,1,2.4867,3,0.8879,3,0.2828,11.2033,5.0609,5.1905,4,1,5,0.6254,169.4611,59.8821,2,1.6621,5.6207,16,Chinense
104.3048,2,1.8840,1,0.8705,4,0.1298,13.3781,4.5689,4.6365,4,1,6,0.4089,112.2455,62.7203,1,1.6046,5.8973,12,Chinense
111.4487,1,2.3455,5,0.7409,1,0.1374,11.3374,4.6455,4.8057,2,2,6,0.5754,138.5065,57.9534,1,1.5592,5.6436,13,Chinense
89.6750,1,3.1888,3,1.0020,3,0.3310,9.8374,5.9613,6.0486,4,3,6,0.9145,139.4514,61.7256,2,1.6984,6.4145,15,Chinense
116.8547,3,2.9067,3,0.9125,4,0.2641,8.7975,5.4775,5.7705,3,2,6,0.6768,147.4798,55.5798,2,1.6957,5.2547,14,Chinense
85.8524,1,2.2330,3,1.0512,1,0.0869,13.0653,4.6261,4.9799,3,3,7,0.5888,150.4838,64.1374,1,1.5485,5.9452,15,Chinense
125.6786,1,1.7670,2,1.2723,2,0.3010,16.6351,3.4344,3.6062,4,2,7,0.4538,199.8752,90.2939,2,1.6240,5.1441,13,Chinense
117.9998,2,1.8783,2,1.0647,2,0.1403,15.8390,3.9438,4.1259,3,3,4,0.5527,142.7248,85.0945,2,1.8025,5.9628,11,Chinense
137.9930,1,1.5642,3,1.0812,2,0.1909,15.4488,3.0961,3.4136,3,2,5,0.4469,175.5404,78.3902,2,1.6493,4.6234,12,Chinense
82.7446,1,2.2781,3,0.9947,1,0.3137,12.1888,4.8754,4.9782,4,1,5,0.7580,164.3153,61.1305,3,1.6064,5.7949,16,Chinense
99.7717,1,2.6877,2,1.0224,2,0.3056,14.1088,4.6599,5.0201,4,2,5,0.5901,165.4971,80.7927,3,1.6101,5.9465,14,Chinense
116.5522,2,2.3597,3,0.9447,2,0.2021,11.2830,4.6329,4.7893,3,3,6,0.5832,151.3493,61.3754,1,1.7734,5.2993,13,Chinense
151.4951,1,1.6198,3,0.8451,1,0.1598,14.7431,3.3839,3.5354,3,3,6,0.3825,105.2924,75.7835,2,1.7682,5.3790,7,Chinense
118.6746,2,1.7666,3,0.8277,2,0.1533,10.8592,3.8883,4.3467,2,2,5,0.4977,128.8255,45.7953,2,1.5999,4.7041,13,Chinense
124.7186,2,1.6869,2,1.3097,4,0.2462,17.1982,3.1396,3.4102,3,3,5,0.4168,172.7437,90.6051,3,1.4569,5.3607,11,Chinense
124.4453,1,2.3415,3,0.8456,2,0.2164,11.2702,4.4002,4.7674,3,2,6,0.4061,145.1864,62.2619,3,1.4793,5.2324,12,Chinense
124.4396,2,1.7757,3,1.0710,2,0.3873,16.2480,3.6974,3.8415,3,2,7,0.6797,153.2883,86.6863,3,1.6709,5.7481,11,Chinense
102.3055,1,1.5210,4,1.0434,4,0.1613,9.2865,0.8923,1.2621,5,1,4,0.4489,109.1623,24.1776,2,1.2546,2.6256,12,Chinense
110.6746,3,1.1497,3,0.8189,3,0.1508,9.5396,0.6911,0.8174,5,1,3,0.7369,81.4364,19.8225,2,1.2421,2.3869,12,Chinense
95.8528,2,1.1662,4,1.2222,3,0.1893,10.2204,0.8656,1.1071,5,2,4,0.0980,87.0597,20.3083,1,1.5996,2.0791,15,Chinense
104.9157,1,1.1543,3,1.1623,2,0.1086,10.3325,0.7887,0.8364,4,1,5,0.9707,72.2724,17.3754,2,1.4818,1.8009,11,Chinense
96.4924,2,1.0498,4,1.0996,2,0.0599,10.4653,0.8682,0.9329,6,2,4,0.6548,100.8634,23.2971,2,1.4097,2.3970,11,Chinense
108.9283,2,1.2075,4,1.3431,1,0.3048,9.5742,0.9352,0.9223,4,1,2,0.5036,79.4576,21.8819,2,1.3368,2.1046,16,Chinense
112.8250,3,1.0301,4,0.9487,3,0.2747,9.5872,0.7272,0.9081,4,1,5,0.6240,84.3032,22.9647,2,1.4041,2.2300,13,Chinense
103.0089,3,1.3106,3,0.9903,2,0.2678,9.0075,1.0879,1.1657,5,1,3,0.2200,103.9792,24.8056,2,1.2745,2.6567,15,Chinense
108.2392,2,1.1264,2,0.9516,2,0.3365,10.0666,0.6707,0.8538,4,1,3,0.4444,75.4408,20.3636,1,1.5351,2.1402,14,Chinense
95.7025,1,1.2545,1,1.2084,2,0.1752,9.6645,0.9511,1.2091,6,1,4,0.1219,101.6276,23.4654,1,1.4481,2.6958,16,Chinense
87.3935,3,1.2062,1,1.1788,2,0.2884,10.4466,0.6054,0.8817,5,2,6,0.0157,79.2997,15.4046,3,1.6557,2.2360,15,Chinense
98.6911,2,0.9938,3,1.0951,1,0.2895,10.3015,0.5982,0.7398,7,1,4,0.2044,84.5741,21.5501,1,1.3103,1.9307,15,Chinense
86.5568,2,0.9693,3,1.2291,1,0.2025,10.6468,0.8406,1.0386,5,1,3,0.0450,107.3044,25.3442,1,1.5103,2.3935,15,Chinense
102.7290,2,0.9470,1,1.2422,1,0.1388,9.9208,0.6077,0.9936,5,1,3,0.7127,93.8488,23.3429,4,1.2837,2.3896,13,Chinense
103.2218,2,1.2041,3,1.1155,3,0.0823,9.5507,0.8217,0.9789,6,1,7,0.3813,87.0333,20.2794,2,1.3418,2.3578,14,Chinense
92.8255,3,1.0926,3,1.0954,4,0.1929,10.7117,0.7013,0.9867,4,1,4,0.0555,86.1874,20.5729,1,1.5322,1.9020,15,Chinense
94.6260,3,1.0143,4,1.1340,2,0.1862,10.7083,0.6981,0.9378,2,2,3,0.2073,89.9243,22.9989,2,1.4845,2.0233,14,Chinense
91.1195,3,0.9112,3,1.2551,2,0.2770,10.5687,0.7973,0.9714,5,2,5,0.0904,92.1475,20.7201,2,1.4321,2.2479,14,Chinense
105.5632,1,1.1570,2,1.1295,1,0.0918,10.3131,0.4883,0.6282,5,1,3,0.9054,77.5550,18.9058,3,1.4278,2.0486,11,Chinense
98.1720,1,1.1115,4,1.2277,1,0.3088,10.1557,0.9237,0.9587,6,2,3,0.0741,67.7924,15.9818,1,1.3875,1.9491,17,Chinense
97.6490,1,1.2307,2,1.0922,1,0.1530,10.0197,0.7542,1.1642,5,3,2,0.1153,89.8382,22.2070,1,1.4046,2.3435,15,Chinense
105.9427,3,1.1727,1,1.1026,1,0.1916,9.4086,0.9739,1.0315,3,1,5,0.3847,92.8115,24.8056,1,1.2618,2.2866,16,Chinense
101.0454,2,1.0308,3,1.1899,1,0.2518,9.8925,0.7626,0.9284,6,1,3,0.2332,80.0987,21.1609,1,1.2548,1.9660,16,Chinense
103.5570,3,1.3904,3,1.0374,1,0.0631,9.9890,0.7630,0.8170,3,2,4,0.4982,89.9159,22.6927,1,1.3915,2.2237,14,Chinense
103.7573,2,1.1796,3,1.0393,2,0.2087,9.4735,0.8065,0.8581,6,1,1,0.0925,74.6759,16.4429,1,1.3947,2.1303,15,Chinense
102.8912,2,1.3053,2,0.9449,1,0.2327,9.7867,0.8163,0.8645,4,2,4,0.5566,90.6376,20.4337,1,1.4281,2.2997,12,Chinense
105.5206,2,1.4014,4,0.8223,2,0.4023,8.7555,0.8878,1.0404,6,2,4,0.2044,80.4396,16.4503,1,1.4557,2.4981,15,Chinense
101.6530,2,1.2546,1,0.8243,3,0.1885,8.9157,1.0384,1.1665,3,2,5,0.1108,82.2402,15.8027,1,1.4511,2.4598,15,Chinense
94.1776,3,1.3948,1,1.0122,1,0.1483,10.1308,0.8653,1.0698,3,2,4,0.1473,80.2499,14.4320,2,1.5975,2.0751,13,Chinense
91.0264,2,1.1083,4,1.1445,1,0.1983,10.7054,0.8000,0.9949,6,1,5,0.0912,100.2161,25.5307,1,1.3905,2.1521,15,Chinense
86.0811,2,1.4717,4,1.1169,4,0.2793,9.3106,1.3236,1.4866,5,1,9,0.3309,80.5931,11.8602,1,1.6219,2.1347,29,Chinense
90.5714,3,1.8648,3,1.1568,5,0.0543,10.5484,1.6607,1.9330,8,2,8,0.2472,74.6340,12.6277,1,1.7300,2.2614,32,Chinense
103.0217,2,1.2959,2,0.9825,4,0.1985,9.8812,1.3045,1.3108,4,1,8,0.2263,84.1905,11.2202,1,1.5443,2.2326,23,Chinense
108.8994,2,1.2415,3,1.0332,5,0.3420,9.9998,1.1689,1.1915,6,1,8,0.1707,80.2919,11.4443,1,1.5943,2.3195,19,Chinense
93.0055,3,1.9704,4,1.1414,4,0.1004,10.2261,2.0695,2.1617,6,2,8,0.1865,72.7137,16.1255,2,1.7294,2.8691,41,Chinense
94.3264,2,1.7137,4,1.1201,4,0.1565,9.5569,1.4665,1.8647,5,1,8,0.1979,82.1363,13.5453,1,1.6288,2.1829,33,Chinense
93.8461,2,1.6576,6,1.3029,5,0.1714,9.6869,1.8732,1.9943,6,2,8,0.2053,75.0065,16.5218,1,1.8218,2.4432,39,Chinense
103.6893,1,1.5323,1,1.1008,4,0.1688,9.4611,1.3787,1.7259,6,3,8,0.2984,83.3034,15.2957,2,1.7600,2.2216,32,Chinense
100.9724,3,1.3510,4,1.0089,5,0.4012,10.1058,1.0628,0.9003,4,1,7,0.1445,85.1602,9.1259,2,1.5878,2.2035,18,Chinense
81.6418,1,2.0209,3,1.3169,5,0.0922,10.6586,2.1253,2.3978,6,3,7,0.2915,59.9480,17.4508,1,1.8143,2.5605,44,Chinense
85.5942,3,1.3880,3,1.0538,3,0.1504,10.2719,1.3431,1.2319,5,2,9,0.1456,74.8400,9.6021,1,1.7434,2.3127,24,Chinense
121.1283,2,1.2674,4,1.0335,5,0.3290,10.1953,1.1939,1.4690,5,1,7,0.0789,94.3520,10.7503,1,1.5727,2.3326,20,Chinense
97.1968,2,1.1643,2,1.0440,2,0.3017,8.9747,0.9576,0.9720,6,2,9,0.1215,74.3423,14.0431,1,1.6858,1.5751,21,Chinense
109.9022,3,1.4308,2,1.1558,5,0.2654,9.3612,1.2585,1.1877,5,3,9,0.1599,100.8526,9.9127,2,1.6029,2.0277,22,Chinense
103.1370,3,1.5381,2,1.1562,5,0.2608,10.7277,1.4639,1.4699,6,1,7,0.0757,73.1473,13.5252,2,1.4962,2.5119,28,Chinense
102.8943,2,1.7313,3,1.0659,4,0.3160,10.2690,1.5438,1.6817,4,1,7,0.4569,80.9264,13.0967,2,1.6562,2.5913,30,Chinense
106.9237,1,1.1075,3,0.9227,4,0.3279,9.6115,0.9006,0.6676,4,1,8,0.1269,83.5429,10.6910,3,1.6049,2.1510,17,Chinense
116.2849,3,1.3811,3,0.7966,4,0.2626,9.6540,1.0133,1.2897,4,2,6,0.2074,93.0037,10.5420,1,1.5258,2.1956,19,Chinense
103.9053,2,1.5108,2,1.0953,6,0.5330,9.8017,1.2969,1.1438,5,3,9,0.1721,84.2206,11.6488,3,1.5190,1.9950,22,Chinense
122.8899,2,1.4226,3,0.9185,4,0.4433,9.7888,1.1518,1.2685,7,1,7,0.2291,97.5744,11.4215,2,1.5758,2.1876,19,Chinense
107.9249,2,1.8554,4,1.2097,3,0.2871,10.2750,1.8745,2.2787,6,2,8,0.3904,91.9431,13.3677,1,1.6983,2.7176,37,Chinense
104.1833,3,1.8485,3,1.3409,3,0.3632,10.0726,1.5006,1.6476,4,1,5,0.2457,75.7513,15.5709,1,1.8871,2.3400,32,Chinense
88.6932,2,1.5534,4,1.2305,3,0.2455,10.1667,1.5436,1.6452,4,1,6,0.2138,72.7387,13.2727,2,1.6298,2.3316,32,Chinense
97.1282,2,1.8535,1,1.3251,6,0.2383,10.0781,2.0147,2.2627,3,2,7,0.2453,75.1368,17.3307,2,1.7216,2.5320,42,Chinense
115.8294,1,1.3471,5,1.0425,2,0.3095,9.6507,0.6997,0.8441,4,1,8,0.1906,85.5041,10.7108,2,1.5926,1.9388,13,Chinense
107.7254,2,1.4502,2,0.8628,5,0.1527,9.7749,1.4532,1.6549,4,1,9,0.3665,88.3539,12.6236,2,1.6615,2.1801,27,Chinense
95.5142,3,1.8790,3,1.1341,2,0.2374,10.2652,1.5856,2.0083,4,1,8,0.4794,72.6016,15.7531,2,1.7463,2.6066,38,Chinense
112.8101,3,1.3207,2,1.0156,5,0.3028,9.2957,1.1859,1.2794,6,3,8,0.0137,86.6638,13.5227,2,1.5862,2.0100,22,Chinense
81.9671,2,1.9202,4,1.2247,3,0.1367,10.7728,1.9399,2.2968,6,2,6,0.0887,61.9628,16.1496,1,1.8933,2.5744,43,Chinense
96.8293,2,1.5964,3,1.2140,5,0.0924,10.1068,1.3605,1.5976,6,1,9,0.0754,74.0374,14.0766,1,1.4349,2.1684,29,Chinense
67.8912,1,1.3560,3,1.0069,3,0.1369,12.2174,0.7284,1.0846,5,1,7,0.0346,121.2632,45.3632,1,1.4167,1.2028,24,Chinense
65.7945,1,1.4799,2,0.9665,3,0.2360,11.6392,0.9117,1.1030,7,1,5,0.0023,115.7374,44.0383,2,1.1249,0.8869,30,Chinense
73.8879,2,1.1793,3,0.9671,1,0.3774,10.8811,0.6021,0.6119,6,1,5,0.0912,88.1994,48.6565,3,1.5518,0.9909,20,Chinense
70.7006,2,1.4790,2,0.9295,2,0.1822,12.9903,0.7248,0.9651,4,1,5,0.0562,123.9111,40.7429,3,1.2553,0.9421,23,Chinense
64.6796,1,1.3709,3,0.8010,2,0.2191,12.3075,0.8654,1.1361,5,1,7,0.1182,125.4943,43.1142,3,1.1497,1.0950,30,Chinense
69.9697,2,1.3123,1,1.0237,2,0.1087,11.7176,0.8131,0.8525,6,3,5,0.1401,114.4988,43.0966,3,1.3796,1.1240,24,Chinense
77.0474,1,1.5972,2,0.8743,3,0.3071,12.5580,0.7564,1.0399,6,2,7,0.1717,106.3052,34.3357,3,1.2244,0.8755,20,Chinense
65.4879,3,1.3391,2,1.2578,1,0.2529,11.7355,0.9604,1.1376,6,2,6,0.1525,109.5545,46.5500,2,1.0526,1.0562,32,Chinense
77.0083,1,1.4687,2,1.0408,1,0.2968,11.5175,0.8271,0.6512,4,3,5,0.1708,87.5590,41.9523,2,1.6306,0.9821,19,Chinense
72.7380,2,1.5957,2,0.7629,2,0.3233,12.4076,0.8075,0.9762,6,1,4,0.1985,116.1610,38.9536,1,1.3242,1.0028,22,Chinense
66.3454,2,1.3483,2,0.7847,3,0.4557,11.5860,0.6518,0.8350,6,1,4,0.0953,122.4483,45.6022,3,1.4385,1.1506,26,Chinense
64.8318,4,1.1836,1,1.0311,2,0.1547,12.1837,0.4545,0.6334,6,1,4,0.1197,123.5519,52.7068,2,1.3011,0.8771,25,Chinense
65.4550,3,1.4443,2,1.0538,4,0.2606,12.4518,0.9277,1.1747,6,2,7,0.3450,123.1644,45.8335,2,1.2467,1.1315,29,Chinense
65.1162,1,1.4082,1,0.9252,2,0.1414,11.1550,0.8409,0.9717,3,1,5,0.0835,112.7229,46.4303,3,1.4043,1.1859,30,Chinense
71.0105,1,1.2840,3,0.6900,3,0.0907,12.2261,0.6317,0.6994,6,1,5,0.0713,118.2905,47.2113,2,1.4210,0.9254,19,Chinense
60.2218,1,1.5219,2,0.9580,3,0.2560,12.0675,0.8337,1.0392,5,2,5,0.0303,131.9710,47.1978,2,1.1908,1.0346,34,Chinense
63.9993,2,1.2406,1,1.0670,1,0.2031,10.1574,0.7672,1.0464,6,1,5,0.1294,102.7958,45.1292,2,1.2164,0.9059,35,Chinense
62.5189,1,1.5845,2,0.8799,1,0.0729,12.8256,0.8921,1.1586,6,1,7,0.1726,136.4940,42.4503,3,0.9841,1.2007,33,Chinense
71.0665,1,1.4123,3,0.9667,2,0.3813,10.2379,0.7758,1.0448,6,1,4,0.0923,91.9898,37.4878,2,1.2449,1.1330,30,Chinense
70.4314,1,1.6356,2,1.1705,3,0.1067,11.2023,0.6510,0.8783,6,2,6,0.2147,108.4297,38.3951,1,0.9664,0.9926,26,Chinense
75.6505,1,1.1559,3,0.8688,3,0.1015,12.7662,0.6880,0.7217,5,1,5,0.1227,115.7336,43.5100,3,1.6056,0.8591,14,Chinense
66.8460,2,1.5682,4,1.0263,3,0.3523,11.6734,0.9325,1.1795,6,2,5,0.0467,109.8027,42.8155,2,1.3455,0.9011,31,Chinense
74.9576,1,1.5002,1,0.9872,3,0.0935,12.4442,0.6581,0.8033,6,1,3,0.0942,110.5555,40.4371,2,1.5353,0.8976,18,Chinense
71.0389,2,1.4309,2,1.1326,4,0.2505,11.2355,0.7151,0.8218,3,1,4,0.2306,101.6514,44.2484,3,1.2716,0.8904,24,Chinense
69.2769,1,1.2938,2,0.9307,3,0.4612,12.2474,0.8289,1.0921,4,1,4,0.0340,116.3186,41.9763,1,1.2102,1.0378,26,Chinense
67.3958,1,1.4696,3,0.8990,1,0.2237,11.9196,1.0480,1.1124,4,1,6,0.0478,122.2880,36.0986,1,1.2368,1.0061,30,Chinense
71.5074,3,1.3400,2,0.8973,2,0.2638,11.4151,0.8129,1.0776,6,1,4,0.0673,109.3360,36.6774,3,1.1343,0.8620,25,Chinense
70.6488,2,1.4306,3,0.8810,3,0.2277,12.7076,0.8058,0.9671,8,1,6,0.0987,120.8402,41.8080,2,1.2816,1.1350,23,Chinense
71.0183,1,1.5935,3,1.0902,3,0.2215,12.0224,0.8607,1.1267,5,1,5,0.0508,105.4952,41.6833,1,1.2789,1.0726,26,Chinense
69.7205,3,1.3806,2,1.0207,2,0.2823,11.7207,0.7647,1.1282,8,2,5,0.1284,113.1377,38.1953,2,1.3412,1.0792,27,Chinense
94.4188,2,2.6990,6,0.8816,6,0.3174,12.4453,5.1708,7.7117,9,2,6,0.7242,123.7681,48.6962,1,1.6356,5.1856,27,Chinense
115.4714,2,1.8785,5,0.9815,4,0.1154,14.3841,3.4585,2.9382,7,2,4,0.3481,125.3855,47.3813,1,1.4699,4.3078,10,Chinense
88.2455,3,2.3964,5,1.0388,4,0.2596,12.4735,4.7148,6.4884,7,5,4,0.7995,126.7946,49.9381,2,1.4790,4.7947,26,Chinense
154.9751,3,2.2307,4,0.9438,2,0.4325,15.7228,4.6059,7.5633,6,2,4,0.7334,118.0937,35.0661,3,1.5873,6.2160,10,Chinense
99.8349,2,2.3082,6,1.1735,5,0.3444,13.6853,4.1180,5.7479,7,2,5,0.5605,127.7225,47.3091,1,1.4816,4.9837,20,Chinense
71.7041,3,2.4555,6,1.0489,5,0.1127,11.7625,4.7162,6.1929,5,1,5,0.7170,129.3183,53.4638,2,1.6561,4.4895,29,Chinense
72.3017,4,2.6614,3,0.8354,4,0.2564,12.1835,4.3114,6.1288,6,3,5,0.7427,128.3210,54.6285,3,1.6524,4.6345,29,Chinense
97.8032,3,2.4662,5,0.9596,3,0.3456,12.9518,4.7640,6.9801,5,3,4,0.8667,125.3498,47.4828,5,1.4554,4.9733,24,Chinense
97.6770,3,2.6877,5,0.7169,4,0.0913,13.0836,4.7559,7.2458,8,3,4,0.7629,123.4806,48.8621,2,1.5660,5.2497,24,Chinense
128.3587,2,2.8685,4,0.6933,3,0.2454,15.3033,5.1882,10.7617,7,3,6,0.9564,120.5634,38.4877,4,1.6392,7.2031,23,Chinense
83.4218,2,2.3272,7,1.0035,3,0.0671,12.8908,4.2115,5.4789,7,2,4,0.5731,128.2261,51.7658,1,1.6617,4.7682,25,Chinense
119.5804,1,2.3300,6,0.9397,4,0.1779,15.1429,4.1882,7.1706,7,2,6,0.5661,125.0602,42.1903,2,1.3940,5.8483,18,Chinense
112.0418,2,2.3307,6,0.8713,4,0.2454,13.3987,4.4230,5.7203,7,3,5,0.7619,123.3396,45.8155,2,1.7028,4.8236,18,Chinense
109.9846,2,2.1341,4,0.9205,4,0.3927,13.2927,4.1848,4.8306,7,3,5,0.5015,124.9816,46.5858,2,1.7683,4.6146,16,Chinense
80.9171,2,2.9081,6,0.9931,4,0.3008,12.6134,5.6504,10.4054,9,1,5,0.9898,126.9521,47.8614,2,1.4594,5.7564,35,Chinense
113.6731,2,2.5388,5,1.0265,5,0.3967,13.6319,4.8884,8.0702,6,3,6,0.9408,122.8482,42.9808,3,1.6840,5.6749,22,Chinense
129.3429,1,1.9781,3,0.6783,4,0.1338,13.6250,4.1029,3.9722,8,2,5,0.5079,119.0058,45.6023,3,1.6974,4.6402,9,Chinense
97.9993,3,2.1151,3,0.9509,4,0.0680,12.9878,4.1299,4.7604,8,3,5,0.5218,125.7313,49.8482,3,1.7104,4.4306,19,Chinense
75.7371,4,2.0958,3,1.3011,4,0.3487,13.0155,3.8199,4.8663,8,2,7,0.6824,134.8971,50.1867,2,1.3934,4.0431,25,Chinense
91.9357,2,2.1043,6,0.8711,6,0.1699,12.4773,4.1816,3.7630,5,2,4,0.4726,125.0608,52.7551,2,1.7286,3.9705,19,Chinense
110.3933,3,2.3008,5,0.8476,5,0.2854,14.1072,4.1113,6.1224,6,2,4,0.5879,126.0555,44.6966,1,1.3622,5.2192,19,Chinense
117.4009,1,1.8951,7,0.9472,4,0.3883,14.3336,3.8157,4.0578,7,2,5,0.5147,127.4167,43.6628,1,1.4239,4.3277,12,Chinense
114.9111,1,2.0603,4,1.0125,4,0.3446,14.2199,3.7364,4.2019,7,2,5,0.4913,125.3930,46.1257,3,1.5442,4.6817,13,Chinense
104.8655,2,2.0150,5,1.1147,4,0.1487,14.2797,3.7480,4.6480,8,1,5,0.6049,129.9954,45.2689,3,1.4610,4.6719,17,Chinense
113.2171,2,1.9673,6,1.1593,5,0.2262,14.8362,3.4668,4.3827,6,4,4,0.6074,126.7102,45.8304,2,1.3525,4.8679,14,Chinense
94.1504,3,2.2683,6,0.9866,4,0.2036,12.5498,4.1095,4.1350,9,2,5,0.3872,128.0039,49.3570,1,1.8020,3.9836,19,Chinense
86.3277,1,2.1184,6,0.9447,4,0.3223,12.8538,4.0294,5.1758,6,1,4,0.6087,129.6263,50.2757,2,1.6293,4.2793,23,Chinense
112.8545,2,2.0049,5,0.8565,6,0.1630,13.2775,4.2204,4.2004,8,3,4,0.4922,121.1315,49.0143,2,1.7774,4.4766,15,Chinense
130.5010,1,1.8422,4,0.9260,4,0.1518,14.0121,3.8313,2.9840,8,1,5,0.2838,121.4112,44.7906,3,1.7139,4.3444,7,Chinense
89.7491,2,2.3790,5,0.9219,5,0.4123,13.1100,4.5801,6.8991,7,1,5,0.8481,128.1819,48.2079,2,1.4071,5.1502,26,Chinense
117.7198,3,0.8596,3,0.8215,4,0.0911,12.2095,0.4521,0.4814,4,1,3,0.0062,86.5956,47.5256,5,1.1373,1.3926,4,Chinense
108.7122,1,0.8264,3,1.0415,5,0.0394,12.0151,0.3035,0.5464,4,3,2,0.0659,92.1485,48.2982,6,1.0559,1.3047,6,Chinense
129.6153,2,0.9056,2,0.7628,5,0.0836,9.2506,0.4929,0.3029,6,1,2,0.2343,100.8511,35.2728,2,1.2220,1.3575,3,Chinense
119.7887,2,0.8096,1,0.8570,5,0.1410,9.4246,0.4466,0.5061,4,3,4,0.0026,97.0069,33.9033,3,0.8872,1.2882,4,Chinense
122.8671,3,0.6850,2,0.8219,4,0.0871,11.1142,0.5090,0.5558,4,2,5,0.0211,110.3208,35.3433,3,1.0591,1.4342,6,Chinense
113.6278,1,0.8947,3,1.0187,4,0.0266,10.6861,0.4691,0.5202,5,1,2,0.0957,105.3670,40.5517,5,1.1193,1.1941,6,Chinense
144.2698,2,0.8003,3,0.9473,4,0.0480,5.4949,0.5632,0.6074,7,1,5,0.1067,131.7996,11.7272,2,1.2358,1.4007,2,Chinense
116.9431,1,0.8333,5,1.0437,3,0.1988,10.8513,0.3236,0.4900,5,2,2,0.2981,102.9641,37.9574,3,1.0986,1.2551,5,Chinense
117.0410,2,0.7001,2,1.0717,4,0.0635,12.3562,0.5349,0.3334,4,2,2,0.2189,92.4801,51.4738,4,1.0557,1.1938,5,Chinense
113.8656,2,0.8857,4,1.0218,4,0.1540,9.4887,0.2779,0.4189,6,4,2,0.1178,101.6204,36.8276,2,1.1443,1.4658,4,Chinense
100.8717,4,0.7671,5,0.9198,4,0.0475,8.6238,0.4933,0.5111,7,3,3,0.1285,96.7082,37.0073,5,1.0257,1.3502,4,Chinense
129.8602,2,0.9636,3,0.7647,5,0.2874,13.0522,0.3837,0.6087,6,2,3,0.3170,74.1889,46.3878,4,1.1176,1.2201,3,Chinense
145.0245,2,0.9272,3,0.8805,5,0.2303,9.1960,0.6007,0.5167,6,2,3,0.1083,116.8222,23.9261,6,1.2822,1.3383,4,Chinense
139.1874,2,1.0726,3,0.6498,3,0.1769,10.6272,0.6009,0.5444,6,2,2,0.0054,105.4825,23.7228,4,1.1583,1.3278,4,Chinense
123.2098,3,0.9029,3,0.7850,3,0.0865,11.8816,0.6205,0.5860,4,1,3,0.0697,105.6324,35.5535,4,1.1493,1.3851,6,Chinense
122.4744,4,0.8710,3,0.8032,4,0.1291,8.4373,0.4375,0.5035,4,2,4,0.2073,105.2561,22.9725,5,1.0884,1.3926,4,Chinense
137.7669,3,0.9926,3,0.7763,4,0.1055,14.4353,0.5019,0.5349,5,3,2,0.2094,86.7360,43.7862,4,1.2147,1.4576,5,Chinense
113.8227,2,0.8856,3,0.9942,3,0.1510,11.5814,0.1890,0.3694,5,4,3,0.0518,59.0035,59.0419,3,0.8574,1.0404,2,Chinense
107.0889,3,0.7359,5,1.0262,4,0.0140,12.7267,0.5214,0.5269,5,2,2,0.1046,100.8198,42.2152,5,1.2468,1.4557,7,Chinense
139.2798,1,0.7674,1,0.9869,4,0.1468,12.4821,0.4584,0.4585,6,2,2,0.0356,119.4011,40.1689,3,1.2342,1.1450,6,Chinense
127.7791,2,0.7148,3,0.8377,3,0.2158,6.7669,0.3185,0.4196,5,3,3,0.2267,113.5610,32.3110,4,0.9829,1.1174,3,Chinense
101.4248,2,0.8263,4,0.9459,5,0.1355,8.7090,0.5680,0.4541,6,2,4,0.0346,113.8132,14.5118,3,1.0801,1.5330,6,Chinense
114.5555,2,0.7867,2,0.7601,3,0.0765,9.1907,0.2844,0.2547,5,3,3,0.0978,86.5139,44.2508,4,1.0448,1.1099,3,Chinense
120.6958,1,1.0418,4,0.8622,3,0.1994,10.9464,0.5094,0.4436,4,3,2,0.0761,101.0055,26.0678,3,1.0632,1.3444,5,Chinense
125.5829,2,0.9016,4,0.8465,3,0.1147,11.4186,0.5575,0.7067,7,2,2,0.0970,117.2423,19.5296,4,1.4644,1.5311,7,Chinense
116.0010,2,0.7357,1,0.9675,3,0.0276,9.1210,0.2728,0.7101,4,2,2,0.2303,113.7385,30.7779,4,1.1224,1.3091,5,Chinense
121.1520,2,0.7720,3,1.0484,5,0.2529,9.6762,0.3673,0.5039,4,2,5,0.0615,94.3526,36.3568,5,1.1890,1.3506,3,Chinense
120.4710,1,0.9911,1,1.1695,3,0.2778,10.4038,0.4248,0.4641,7,2,2,0.0045,121.8378,27.7682,4,1.1081,1.4073,7,Chinense
98.6556,3,0.8154,3,0.9831,6,0.1397,5.6669,0.5518,0.3542,5,2,5,0.0368,99.2872,29.2807,3,0.9603,1.3044,3,Chinense
121.5857,2,0.9329,2,0.9803,6,0.0817,12.5026,0.5649,0.4547,5,1,3,0.0661,99.2579,43.0679,5,1.0540,1.2971,6,Chinense
113.0559,1,2.1459,5,0.8955,4,0.2790,13.3908,3.0853,3.4221,3,2,4,0.4264,113.2407,62.7202,6,1.4656,3.5502,2,Chinense
129.9567,2,2.3183,4,0.9782,5,0.1374,12.1127,3.5332,3.7555,4,3,4,0.4544,90.5358,49.9797,2,1.3924,3.5956,10,Chinense
110.2992,2,2.8866,3,0.6213,4,0.2931,13.5637,6.5883,7.2113,3,3,6,0.6461,116.3171,54.4938,3,1.4921,3.7348,45,Chinense
114.8687,3,2.3740,3,0.8905,5,0.1565,12.0324,4.0623,4.0438,2,2,6,0.5323,97.6096,50.3513,5,1.4531,3.1340,16,Chinense
107.5381,3,2.5502,5,1.0030,5,0.2669,13.8776,5.2295,5.6394,3,1,8,0.6645,119.2432,59.0031,4,1.5176,3.6272,28,Chinense
112.3081,2,2.3056,3,1.0320,4,0.0175,13.7845,3.4609,3.6037,3,1,5,0.4991,101.5163,48.6044,3,1.4297,3.3456,15,Chinense
110.9377,1,2.6797,4,0.9950,4,0.2607,14.1000,6.5888,7.3927,3,2,5,0.6327,123.2546,59.1848,3,1.3678,4.0240,43,Chinense
97.7608,3,2.5780,5,0.9858,3,0.1799,14.8786,5.4627,5.7896,2,2,7,0.5246,124.5667,57.3005,4,1.5509,3.5134,35,Chinense
108.5226,1,2.4339,4,0.9210,4,0.3200,13.1133,5.5876,6.1750,4,2,5,0.6099,117.7940,58.7454,3,1.5779,3.7001,33,Chinense
97.9318,1,2.3512,2,0.9577,3,0.2355,14.4222,4.8746,5.0164,4,2,8,0.4713,124.7644,60.2279,5,1.4769,3.4791,25,Chinense
110.4671,1,2.6935,4,0.8700,3,0.1923,14.3151,5.5905,6.2693,2,2,6,0.8650,113.3179,51.0136,5,1.4824,3.4549,38,Chinense
114.4137,1,2.5086,4,0.9739,3,0.3194,12.4876,4.1995,4.4894,2,3,6,0.5207,110.8503,60.7476,3,1.5159,3.8154,14,Chinense
103.6049,1,2.4568,3,0.8804,4,0.3394,15.7066,5.5168,5.6292,4,3,7,0.5099,124.2555,56.4236,3,1.5908,3.6280,33,Chinense
111.2882,4,2.8743,5,0.7805,4,0.1754,13.5163,6.9901,7.5094,1,4,6,0.4797,119.6914,57.8644,5,1.2957,3.8033,45,Chinense
118.3257,1,2.0757,3,0.9291,4,0.0192,13.0763,4.1402,4.1458,3,1,4,0.3693,107.0248,57.4188,5,1.2732,3.5388,12,Chinense
122.3545,1,2.5351,3,0.9719,5,0.2466,11.6578,4.2256,4.8085,3,3,6,0.6101,103.1791,57.8966,5,1.4006,3.8444,16,Chinense
112.6484,1,2.4985,2,0.7508,5,0.2154,13.7417,5.8282,6.5653,4,2,6,0.5788,109.5275,49.7154,4,1.4944,3.5506,41,Chinense
124.3524,1,2.5158,4,0.8698,5,0.3431,11.6885,3.5814,3.8205,1,1,5,0.4201,97.3322,55.9575,5,1.3141,3.6986,6,Chinense
119.4158,1,2.3107,3,1.0477,5,0.2965,10.3565,4.0661,4.1796,3,1,7,0.6807,98.5839,57.2039,5,1.6265,3.7067,12,Chinense
121.3344,1,2.3728,5,0.9018,4,0.2567,11.4935,4.0644,4.4120,2,2,6,0.5145,99.1246,54.8487,4,1.5022,3.7800,15,Chinense
117.2988,3,2.4479,5,0.8584,2,0.1880,12.6754,4.2133,4.3601,3,1,4,0.5843,105.2255,55.5735,5,1.2740,3.7379,16,Chinense
114.2255,3,2.1770,5,0.7966,4,0.3190,13.0360,2.3815,2.7697,2,3,5,0.3481,98.7369,51.8189,6,1.4869,3.3727,2,Chinense
117.8799,3,2.6773,5,0.8190,3,0.2869,13.1018,6.1737,6.8659,2,4,8,0.8207,116.3750,59.6731,4,1.4948,4.0898,36,Chinense
99.6519,2,3.2910,6,0.8578,4,0.0786,12.7019,9.9193,10.8941,3,3,6,0.9568,141.6655,67.6155,4,1.4961,4.5245,76,Chinense
119.2030,2,2.8226,4,1.0510,5,0.4761,12.0684,7.4389,8.2106,2,4,7,0.8444,113.9260,57.5012,4,1.4219,4.1917,50,Chinense
114.2528,1,2.3125,4,0.8809,5,0.2164,11.5603,4.1130,4.4077,1,1,5,0.4804,113.1912,65.9457,3,1.5662,4.0163,9,Chinense
124.8585,3,2.3605,6,1.0159,5,0.2278,13.3957,4.9376,5.2278,3,2,7,0.3975,94.6141,43.5097,5,1.3781,3.4233,30,Chinense
120.1284,2,2.3024,4,1.0149,4,0.1542,10.0178,4.3761,4.6877,4,4,4,0.5324,90.1656,49.9422,4,1.6067,3.5646,21,Chinense
118.1364,2,2.7521,4,0.9434,6,0.4133,12.6912,6.3335,6.8704,5,4,6,0.6993,114.3988,59.3001,1,1.4510,4.0037,37,Chinense
115.7302,3,2.4527,4,0.9191,5,0.2211,10.7151,4.8934,5.6181,3,1,5,0.8363,100.7239,54.2514,5,1.4305,3.7574,26,Chinense
137.6880,1,3.0526,4,1.2211,5,0.2380,11.5560,7.7069,7.7679,2,3,10,0.7986,126.4920,84.5675,4,1.2558,4.2180,41,Chinense
119.5204,3,3.1788,4,1.1969,4,0.3398,15.8645,7.1226,8.0220,3,5,10,0.9636,139.1596,50.2041,5,1.1887,4.1292,39,Chinense
140.1843,1,3.1162,6,1.0122,6,0.4027,11.5244,6.9743,7.2542,5,4,11,0.6079,151.3393,60.5842,4,1.2408,4.1618,45,Chinense
136.6972,2,3.2148,4,1.2057,5,0.0894,11.6840,5.7138,6.4978,5,4,10,0.4848,142.3816,70.5999,4,1.2789,3.6763,53,Chinense
135.0276,1,3.0857,6,1.1164,6,0.2103,13.0989,5.8742,6.3806,4,5,10,0.6424,138.1851,69.6369,3,1.1893,3.9803,48,Chinense
141.2561,2,2.8213,4,1.1020,8,0.0500,10.4317,6.9119,7.2419,3,4,10,0.7503,128.2518,89.5630,5,1.2474,4.1578,47,Chinense
118.2691,1,3.2175,3,1.1394,4,0.2539,14.6339,7.4894,8.0033,3,4,10,0.8681,118.8624,76.8094,5,1.4467,4.3500,44,Chinense
125.2334,1,3.1581,4,1.2243,6,0.2296,15.3025,6.8668,7.5674,3,3,12,0.8297,133.9456,61.5453,3,1.4046,4.0828,41,Chinense
144.0763,1,3.1009,4,1.1894,5,0.2125,10.1114,5.9149,6.3202,2,4,9,0.5814,149.3860,70.8070,3,1.3007,3.7631,54,Chinense
141.2696,1,3.0057,5,1.0136,6,0.3302,11.3120,5.9311,6.6775,3,5,11,0.6316,153.9309,60.3777,4,1.0505,3.8720,50,Chinense
125.9407,2,3.1669,4,1.0471,7,0.1789,14.3756,6.5762,7.3924,4,5,9,0.7614,126.3065,72.3764,4,1.2369,3.9142,44,Chinense
123.4840,1,2.9934,4,1.1091,6,0.3107,13.0899,6.9088,7.5559,3,5,9,0.8489,127.1630,75.7866,3,1.2513,4.0651,50,Chinense
131.2231,1,3.0746,4,1.2576,5,0.2245,12.9852,6.7107,7.2452,1,4,9,0.8369,141.0787,64.4639,3,1.1279,3.8148,47,Chinense
139.4883,1,3.1260,4,1.4418,4,0.1875,13.7232,5.6606,6.3370,4,5,8,0.6314,158.9621,45.8976,4,1.2190,3.9502,44,Chinense
138.7895,2,2.9226,4,1.4040,6,0.2992,12.9744,6.4822,7.0723,1,4,10,0.6879,136.0143,71.7402,3,1.0951,4.0281,41,Chinense
122.1105,3,3.3033,5,1.3409,4,0.3864,15.3983,6.4486,7.4510,3,3,8,0.8080,132.2294,62.5708,2,1.3174,3.9643,44,Chinense
139.7318,1,3.1894,4,0.8771,4,0.2410,12.5310,6.7097,7.2714,1,3,11,0.7151,152.9296,55.3323,2,1.1828,4.3881,42,Chinense
130.9756,1,3.1052,7,1.1208,5,0.3668,12.9101,6.1255,7.0542,4,3,10,0.6083,145.3552,61.3168,3,1.2635,3.7754,51,Chinense
135.0448,2,3.0912,4,1.3252,6,0.2015,12.5853,5.7584,6.4708,3,5,9,0.6492,151.1905,57.3829,2,1.1874,3.8040,51,Chinense
135.3224,1,3.0924,6,0.8685,3,0.1627,11.7979,6.1647,6.8325,3,3,12,0.8127,144.6404,67.2067,3,1.1830,3.7974,52,Chinense
144.8252,2,2.8527,5,1.1177,5,0.3165,10.7900,6.0155,6.4891,5,4,9,0.8847,124.4211,96.0786,2,1.0718,3.7647,49,Chinense
134.9409,1,2.8859,3,1.1698,4,0.0805,13.2888,7.3930,7.6383,3,2,10,0.7701,128.1421,76.4284,3,1.2985,4.4334,37,Chinense
129.0682,1,3.0531,5,1.5445,6,0.1432,14.1671,5.4592,6.4321,2,4,10,0.6100,143.6608,58.6145,3,1.0551,3.5946,51,Chinense
133.3440,1,3.0775,5,1.1449,4,0.0617,12.7168,6.0054,6.8132,1,5,11,0.6619,137.7266,70.4856,3,1.4938,3.6522,50,Chinense
130.7352,3,3.1906,3,1.1812,5,0.2611,14.8996,7.0436,7.6109,3,5,8,0.6708,139.4081,57.6697,4,1.3676,4.2636,37,Chinense
125.7295,1,3.1317,3,1.3628,5,0.3574,15.1157,6.7811,7.4989,3,4,9,0.8032,121.8616,74.1648,3,1.3254,4.1644,39,Chinense
127.3095,1,3.1449,4,1.2778,5,0.2117,14.4576,7.0631,7.8920,3,6,10,0.9400,136.5888,61.2356,3,1.1711,4.2067,40,Chinense
117.8131,2,3.1831,3,1.2293,5,0.3287,16.1775,7.3484,8.0921,3,5,9,0.7481,145.6393,42.0152,4,1.3560,4.3728,39,Chinense
133.3286,1,2.9986,5,1.0550,5,0.0543,12.0767,6.4705,7.1057,2,2,10,0.7641,142.3310,67.3214,4,1.2378,4.0081,50,Chinense
147.3140,2,3.1902,4,0.9069,4,0.3875,10.1173,6.2217,6.8285,3,6,9,0.4698,144.0424,76.5358,5,1.1257,4.0467,49,Chinense
99.3565,1,3.4799,3,0.7608,6,0.3384,11.8307,7.9337,8.4364,4,1,8,1.0536,109.2926,38.0398,2,1.6311,4.4314,25,Chinense
98.1218,1,3.5291,5,0.9505,4,0.1950,12.5093,7.3159,7.7978,3,3,9,0.8420,100.0726,40.2857,2,1.3068,3.4427,33,Chinense
87.0412,1,3.5142,5,0.7009,2,0.0950,13.9209,7.4972,7.9799,2,3,9,0.9082,99.6491,43.2369,4,1.2061,3.3931,31,Chinense
97.7949,1,3.3295,4,0.8692,5,0.1027,13.0026,7.2537,7.8127,3,2,10,0.7990,98.8227,39.7357,1,1.3926,3.4793,33,Chinense
107.0259,1,2.9289,4,0.6627,4,0.3458,11.0122,6.6773,6.9330,3,4,7,0.8647,106.7756,36.5954,2,1.7610,4.5082,33,Chinense
101.8958,2,4.3017,4,0.9337,6,0.2184,13.0781,10.2378,10.4260,2,2,8,1.2573,98.9750,44.1370,1,1.4014,3.3982,20,Chinense
106.3017,1,3.0341,4,0.8804,6,0.0313,8.7971,8.0084,8.4939,3,3,8,0.8466,115.2274,48.3397,1,2.2191,5.4143,18,Chinense
100.1002,2,3.1385,3,0.9096,4,0.0120,11.7483,6.4002,6.7514,3,2,9,0.6252,113.9844,31.5654,2,1.8329,4.7240,31,Chinense
86.5485,3,3.8921,4,0.7196,3,0.1897,13.7817,8.8848,9.0218,3,5,8,0.9821,104.2826,43.6545,2,1.3478,3.7480,23,Chinense
107.7225,1,3.1522,3,1.2425,4,0.1205,9.5587,8.0964,8.3463,2,3,8,0.7353,111.6744,44.1151,2,2.0102,4.9342,21,Chinense
107.9726,1,3.3930,4,0.8808,3,0.1729,11.4123,7.5650,8.0178,2,2,9,0.8745,99.6865,39.8739,2,1.3898,3.8691,32,Chinense
85.0268,1,3.3119,4,0.8792,5,0.2007,14.5233,6.3208,6.3834,4,4,9,0.8559,108.4351,31.2555,2,1.5146,3.9478,35,Chinense
105.9338,3,3.8575,4,0.7988,6,0.3050,10.4610,9.9560,10.5319,3,3,9,0.9877,97.3395,56.8276,3,1.2397,3.6728,18,Chinense
102.9297,2,3.2102,4,0.8861,4,0.3359,11.0514,7.2363,7.6682,4,4,7,0.9111,107.4677,40.7738,3,1.5491,4.4430,28,Chinense
101.9640,2,2.5841,3,0.6974,3,0.1859,10.3423,6.1585,6.4063,3,5,10,0.6809,110.8552,40.5453,2,1.8519,5.1529,31,Chinense
120.1790,1,3.3077,4,0.8652,6,0.1138,9.5533,9.1773,9.5744,3,2,7,0.9452,103.5175,42.8735,2,1.5610,4.4975,22,Chinense
106.6783,2,3.5759,5,0.8909,5,0.3094,12.4449,7.3339,7.5903,4,3,10,0.9126,97.8310,35.6071,2,1.2323,3.7094,35,Chinense
117.3460,1,4.2816,5,0.9569,3,0.3365,10.6225,11.1680,11.6158,4,4,8,1.1231,97.4839,48.8875,2,1.2705,3.6853,15,Chinense
110.4333,3,4.1332,3,0.8496,5,0.1881,12.3109,9.6556,10.1981,3,3,7,1.2141,94.1813,42.8937,2,1.1165,3.1110,25,Chinense
111.4715,1,2.9440,4,0.9433,4,0.1957,10.8705,7.3233,7.8654,5,4,7,1.0173,96.6644,42.6703,2,1.3650,3.6589,34,Chinense
94.1308,1,2.8605,3,0.8456,4,0.1677,11.7731,6.5785,7.0747,3,2,9,0.8386,104.2940,43.4548,2,1.6675,4.1056,33,Chinense
102.0950,1,3.1602,3,0.9888,4,0.2261,10.6642,8.3074,8.6281,3,4,7,0.9865,109.1588,44.9736,2,1.5842,4.6012,21,Chinense
110.7971,1,3.6910,3,0.9669,4,0.2419,11.2683,9.3356,9.9287,5,1,9,0.9626,102.9129,42.4256,2,1.6372,3.9298,21,Chinense
100.2408,1,3.9420,4,0.7958,5,0.3661,12.9197,9.6059,9.6417,2,4,7,1.2025,92.7759,47.6542,2,0.9913,2.9678,26,Chinense
104.4190,1,3.1740,2,0.7645,4,0.2050,11.1182,7.8353,8.2497,3,3,7,0.8349,103.0742,44.6098,3,1.4671,4.2415,27,Chinense
92.8365,1,3.6364,3,0.8461,5,0.1618,11.4103,8.8929,9.2392,3,3,10,0.9393,105.0298,52.1076,2,1.5545,3.9941,19,Chinense
110.6361,1,3.8248,4,1.0238,4,0.2209,11.2641,10.2194,10.3172,3,3,7,1.1445,99.3414,45.5800,3,1.3944,3.7329,21,Chinense
99.8054,1,3.5966,5,0.9800,5,0.1688,11.4887,8.0936,8.3760,2,4,9,0.9347,104.1288,45.9075,1,1.3256,4.2850,25,Chinense
87.2224,1,3.2620,3,0.8524,4,0.1170,12.8784,6.7654,7.1972,3,2,7,0.7786,107.1759,41.0744,2,1.7344,4.0292,31,Chinense
106.9652,1,3.5218,4,0.6936,2,0.2730,11.6766,8.1951,8.6351,2,5,10,0.9227,100.8683,39.4020,2,1.2693,3.9745,29,Chinense
111.5269,3,1.5720,2,1.0530,4,0.3341,12.9480,4.2932,4.3614,4,2,7,0.4425,146.7441,32.0403,2,1.7019,6.7127,31,Chinense
111.2782,3,1.4627,1,0.9945,3,0.1838,13.5273,4.2699,4.7143,4,2,5,0.4479,133.9975,67.2399,2,1.5172,7.4872,27,Chinense
104.9206,4,1.1733,2,0.8642,3,0.3529,13.6639,3.5205,3.9733,6,3,7,0.5408,131.3700,41.3609,3,1.4911,6.1876,28,Chinense
113.6322,2,1.8699,3,1.0050,4,0.3375,13.2727,4.8835,5.3073,5,2,9,0.4551,144.2957,52.6280,2,1.7987,6.8707,36,Chinense
129.5125,2,1.1904,2,0.9356,4,0.4891,11.5246,3.7917,4.0825,4,2,7,0.2769,159.2995,56.3873,3,1.7347,7.5373,21,Chinense
103.9503,3,1.6564,2,1.1060,5,0.2436,13.9635,4.1507,4.3450,5,3,6,0.5499,129.6904,46.8050,2,1.4728,6.1219,33,Chinense
107.7455,2,1.4956,1,1.2972,3,0.3718,13.6670,4.0542,4.3405,5,3,8,0.4632,133.3755,51.1120,1,1.5062,6.6234,29,Chinense
114.1052,3,1.3262,1,1.1405,5,0.1975,12.4883,3.5837,3.8777,5,3,7,0.4427,149.2638,27.9802,2,1.4380,6.4646,25,Chinense
116.9402,1,1.4397,1,0.8698,4,0.4876,12.9427,4.5728,4.5762,6,3,7,0.4896,146.7346,54.3088,3,1.5713,7.7703,25,Chinense
120.5439,3,1.3024,2,1.0141,6,0.5841,12.5025,3.0222,3.1279,7,1,8,0.2386,138.2767,60.1809,2,1.4760,5.7101,22,Chinense
111.8043,4,1.5415,2,1.0270,4,0.1801,13.0736,4.1815,4.5007,4,3,6,0.5299,142.6183,42.7242,3,1.6521,6.9072,28,Chinense
115.2564,2,1.4734,4,1.1099,4,0.3612,12.9715,3.6506,3.9826,6,1,7,0.3569,145.2888,35.9324,2,1.6969,5.7983,30,Chinense
110.9012,2,1.6801,2,1.0441,3,0.2209,12.8930,5.1063,5.4562,5,3,7,0.6067,154.8449,30.7266,2,1.6641,8.4808,29,Chinense
119.3438,1,1.6422,3,1.2802,4,0.2665,12.3699,3.7705,4.2878,4,2,5,0.6242,154.4286,31.9114,1,1.5639,6.0297,32,Chinense
114.2100,2,1.3270,3,1.0205,4,0.4494,13.2849,3.9984,4.4321,4,1,8,0.4635,132.0058,74.1076,3,1.4933,7.0718,26,Chinense
126.9506,4,1.4158,2,0.9832,5,0.1011,12.2939,2.6285,2.7640,5,2,8,0.5254,139.6386,65.8071,1,1.4718,4.5983,26,Chinense
119.2548,4,1.4159,2,1.0878,4,0.3015,12.9601,3.8476,4.2808,6,1,6,0.4598,141.8951,61.8352,3,1.4856,7.0072,25,Chinense
127.4336,2,1.4970,2,1.0043,6,0.3779,12.4292,3.4027,3.6928,5,2,8,0.3348,142.4727,75.5676,1,1.7235,5.9677,26,Chinense
139.7871,3,1.5332,2,0.8782,3,0.0956,11.0741,3.2937,3.4799,5,2,7,0.4493,163.7738,59.9606,2,1.8127,5.7565,27,Chinense
111.2203,2,1.5938,1,1.1269,5,0.4820,13.3850,5.5891,6.0532,5,1,7,0.3937,143.5943,64.4054,2,1.4873,9.2372,27,Chinense
106.5353,2,1.1009,1,0.8954,2,0.1658,13.0956,2.8827,2.9970,4,3,5,0.2665,133.0646,32.7032,3,1.5564,5.6167,23,Chinense
117.9631,3,1.5472,1,1.1445,4,0.3943,12.7410,4.5396,5.0269,3,2,5,0.5942,148.1567,55.6551,4,1.5310,7.6773,26,Chinense
106.1112,4,1.4060,2,1.2109,5,0.1552,12.9822,4.5181,4.7584,6,1,8,0.4860,148.2066,19.9552,1,1.7787,7.3543,29,Chinense
117.7322,3,1.4029,1,0.9507,6,0.2263,12.7101,4.2771,4.5915,3,1,6,0.3481,145.0792,58.4782,2,1.7886,7.5968,26,Chinense
115.7894,3,1.5451,2,0.9265,5,0.4306,13.0947,3.2375,3.7330,5,3,8,0.4106,131.8993,61.7495,1,1.5133,5.3386,28,Chinense
112.1894,3,1.2617,1,0.9786,4,0.3488,13.4269,4.0662,4.0760,5,1,7,0.3651,133.3518,64.8916,3,1.4523,7.1242,25,Chinense
121.1172,2,1.8231,1,1.1341,4,0.1762,12.6838,4.5797,4.9686,6,3,6,0.5406,150.4054,56.7288,2,1.5079,6.9935,33,Chinense
122.2894,2,1.7673,1,1.0416,4,0.3096,12.3599,4.0876,4.5075,5,2,6,0.4928,156.3039,39.3510,3,1.7044,6.2465,34,Chinense
113.0558,2,1.3788,1,0.9620,4,0.3896,12.7897,5.0095,5.3470,5,3,6,0.5892,149.2189,52.3596,4,1.6619,9.3550,21,Chinense
110.2565,1,1.2107,1,1.1318,2,0.0868,13.4279,3.7900,4.3245,5,2,7,0.5952,135.6831,53.6316,4,1.5890,7.2163,22,Chinense
119.5318,1,1.2152,2,1.2983,3,0.2175,12.5084,1.1544,1.1842,6,1,8,0.0353,122.1200,64.1551,1,1.2660,2.0841,26,Chinense
100.5257,2,1.3055,1,1.1944,3,0.2068,11.2570,1.0251,1.2827,5,1,7,0.1360,124.4297,63.4985,3,1.4671,2.2270,27,Chinense
89.2130,3,1.3381,4,1.0250,4,0.2251,10.6732,1.2221,1.2565,6,2,9,0.1593,136.8971,64.7171,2,1.4045,2.5951,31,Chinense
127.2000,2,1.2203,3,1.2716,4,0.1969,12.0825,0.8995,1.1923,6,1,7,0.0269,119.9113,66.2632,3,1.2512,1.9712,24,Chinense
132.9237,3,1.3869,3,1.3324,5,0.2655,11.6955,1.1202,1.1671,7,1,7,0.0588,119.7757,63.7006,2,1.6408,1.9579,26,Chinense
114.9327,3,1.2332,2,0.9362,5,0.2546,14.8114,0.9339,1.3060,5,1,10,0.0295,129.0787,60.6294,2,1.2926,2.0352,27,Chinense
164.0938,1,1.2657,1,1.1907,2,0.1362,13.0590,1.0457,1.1300,6,1,8,0.0293,110.6440,63.5963,1,1.6734,1.7207,24,Chinense
105.1343,3,1.4021,1,0.9243,4,0.2017,13.0146,1.2060,1.4197,4,1,9,0.2194,134.9205,61.9346,2,1.4214,2.3304,30,Chinense
103.2433,4,1.1358,4,1.1885,2,0.1725,12.1361,0.9384,1.1790,4,1,8,0.0622,131.1091,63.3268,3,1.5169,2.3003,29,Chinense
90.6641,2,1.2829,4,1.1521,3,0.1508,12.2866,1.0118,1.3133,6,1,8,0.0645,133.9845,61.6882,1,1.6597,2.3656,30,Chinense
103.3659,2,1.2683,3,1.0468,4,0.2653,11.6234,1.1062,1.3710,4,1,8,0.0933,126.2584,63.1298,2,1.4788,2.0114,27,Chinense
137.6361,3,1.5501,3,1.2262,4,0.2641,7.0301,1.0574,1.1130,5,3,7,0.0771,119.6142,68.4839,2,1.1830,2.1350,28,Chinense
107.5533,1,1.4070,3,1.0283,6,0.2381,13.3035,1.0823,1.5734,6,1,7,0.1059,125.0948,60.9216,2,1.5858,2.2303,27,Chinense
129.2956,2,1.3396,2,1.1767,4,0.2778,10.9894,0.9724,1.0251,6,2,8,0.0816,115.4152,65.7869,4,1.3689,1.9338,24,Chinense
124.8831,1,1.2241,3,1.1327,4,0.2517,13.3233,1.1586,1.2999,4,1,9,0.1750,119.6348,60.7434,1,1.7701,1.8992,26,Chinense
116.4180,3,1.2860,3,1.1598,4,0.1026,10.3209,1.3117,1.2418,5,1,8,0.0269,122.9191,64.7160,3,1.4790,2.3810,27,Chinense
82.1221,2,1.4082,3,1.0965,4,0.1455,11.8339,1.1997,1.2476,6,1,8,0.2505,130.0141,62.3240,3,1.6026,2.3268,28,Chinense
112.8004,3,1.2589,3,1.1167,4,0.2188,11.8088,0.9388,1.0630,4,2,8,0.1204,123.2245,62.8311,2,1.6693,2.1540,27,Chinense
143.2924,1,1.3308,4,1.1468,3,0.1064,10.5373,0.9437,1.2543,4,2,8,0.1424,111.5149,65.2401,3,1.3561,2.0893,24,Chinense
116.4140,1,1.2882,3,1.1066,4,0.0461,9.5569,1.2029,1.3067,6,2,7,0.1977,123.7850,64.7191,3,1.3480,2.2124,28,Chinense
127.4903,4,1.2457,4,1.2751,3,0.2596,8.6288,1.0044,1.1568,7,1,9,0.0393,123.4563,68.0408,1,1.3650,2.1765,28,Chinense
137.3435,3,1.3203,2,1.1041,4,0.3406,13.6302,1.1158,1.1944,5,1,8,0.1375,118.7933,63.5971,3,1.1981,1.8216,25,Chinense
113.9581,3,1.2175,4,1.1981,5,0.3405,11.2415,0.9792,1.1430,5,2,8,0.0837,120.0833,65.0176,3,1.4712,2.3213,25,Chinense
106.4927,1,1.2054,2,1.0305,4,0.0775,11.9783,0.9661,1.3430,6,1,6,0.0289,130.3513,63.3334,2,1.3432,2.2048,29,Chinense
124.8823,3,1.1821,4,1.2254,5,0.1505,12.8587,1.0429,1.1797,5,3,8,0.1928,117.6144,63.0971,3,1.3785,2.0910,25,Chinense
120.0715,2,1.2229,3,1.1328,5,0.1691,12.0236,0.9571,1.2278,5,2,8,0.2035,118.0741,62.8226,2,1.2891,2.1076,25,Chinense
121.5809,3,1.2851,4,1.1079,3,0.0311,14.1621,1.2133,1.1965,6,1,8,0.1909,126.0458,61.1946,4,1.6858,1.8110,27,Chinense
165.2940,3,0.9805,3,1.4176,4,0.1079,15.3408,0.8194,0.9868,5,1,9,0.1126,106.8119,63.0608,2,1.3909,1.5135,21,Chinense
120.0835,1,1.3627,4,1.4479,3,0.1306,10.9406,0.8883,1.2931,7,2,8,0.0659,115.2908,66.2510,2,1.0917,2.0586,24,Chinense
136.0746,3,1.2420,2,1.1185,5,0.0729,11.7457,0.9540,0.9446,5,3,8,0.0958,111.9737,64.6100,2,1.4331,1.9687,23,Chinense
121.4965,1,2.0383,4,1.0778,3,0.2057,12.9883,1.8351,2.1641,6,3,10,0.2464,124.9502,65.0874,3,1.1711,3.0996,28,Chinense
111.5079,2,1.8149,3,1.0122,4,0.0075,11.8070,1.6476,1.8287,5,1,9,0.2132,117.5454,64.8027,5,0.9008,2.8702,22,Chinense
134.5580,1,2.0480,5,0.9793,5,0.1237,11.7253,1.9838,2.2915,4,1,7,0.1179,127.8410,62.1631,4,1.2569,3.1206,27,Chinense
125.8353,1,1.9203,6,0.9292,4,0.0923,12.6125,1.6988,2.0424,5,2,9,0.2200,128.0240,63.8995,4,1.2694,3.0417,31,Chinense
130.8781,2,1.9187,2,1.1055,4,0.0664,13.5936,1.9005,2.2584,4,2,8,0.1165,116.6284,67.0291,4,1.2349,3.0379,31,Chinense
111.8436,2,1.8285,3,0.9475,4,0.1143,12.6003,1.7447,2.0332,2,3,8,0.3400,130.4642,63.5622,4,0.8444,2.9572,25,Chinense
117.3232,2,1.9314,4,0.9911,4,0.1255,11.0036,1.4646,2.1099,4,2,7,0.1056,134.4074,61.2163,3,1.1464,2.9543,34,Chinense
122.4136,1,2.0433,3,1.0304,4,0.1997,11.2646,1.5961,2.2903,7,2,8,0.2939,127.7688,61.9722,4,1.0012,2.9701,26,Chinense
130.9344,1,2.0802,2,1.2039,3,0.2505,11.7048,1.7789,2.1817,5,2,8,0.4683,116.9834,63.9388,4,1.1847,3.0685,25,Chinense
124.7559,1,1.5134,4,1.0212,4,0.1617,10.7268,1.7365,2.0432,6,3,7,0.1377,116.7521,64.0540,3,1.1952,2.9985,36,Chinense
149.4188,1,2.0615,4,0.8122,5,0.1773,12.5925,1.9556,2.4025,2,2,7,0.2597,122.1822,63.8441,6,1.0939,3.3301,31,Chinense
124.2210,1,1.9761,2,1.1102,4,0.2133,13.2821,2.0360,2.0481,5,3,10,0.3739,113.1278,67.8696,5,1.2345,2.9283,27,Chinense
106.3700,1,1.7141,2,1.0446,4,0.3015,11.4824,1.5689,1.9269,6,1,6,0.0045,125.6489,63.7103,4,1.1467,2.9170,30,Chinense
100.6730,1,1.8113,4,0.8550,5,0.1844,11.5125,1.3767,1.9283,7,1,8,0.1267,127.6667,63.8582,2,1.3325,2.7323,30,Chinense
104.9988,2,1.9339,3,1.2264,6,0.1147,12.3965,1.6128,2.0183,5,2,10,0.2616,131.9649,63.4088,4,1.3310,2.9099,25,Chinense
100.3597,2,2.0266,4,1.2201,4,0.0775,10.9299,1.3081,1.9247,5,2,6,0.1677,123.0880,63.3672,4,1.0850,2.7962,22,Chinense
125.2023,1,1.6389,2,1.0510,4,0.1148,12.0677,1.6687,2.2225,3,3,9,0.2017,120.6714,64.9339,3,1.1904,2.9633,34,Chinense
114.0286,1,1.6735,3,0.9590,4,0.2295,11.5804,1.7316,2.1736,6,3,10,0.2209,113.6449,66.3299,4,1.3575,2.7005,33,Chinense
107.4994,1,1.9358,2,0.8187,5,0.2343,11.2548,1.6552,2.0152,6,3,8,0.3719,134.7420,61.3875,4,1.2283,2.9007,28,Chinense
102.7576,2,1.5608,2,1.1176,5,0.3058,10.3142,1.5169,1.7049,4,3,7,0.2465,109.3909,65.7039,4,1.3192,2.7892,29,Chinense
97.7060,1,1.6319,3,0.9248,3,0.1531,11.9121,1.7728,1.9469,5,2,8,0.2368,119.0378,65.8615,2,1.2232,2.9140,26,Chinense
106.0474,3,2.0511,2,0.9615,4,0.1530,11.3420,1.4100,1.9201,4,3,8,0.3110,128.0367,61.9865,3,0.9215,3.1565,19,Chinense
136.3259,1,2.1290,4,1.0121,5,0.1707,12.2400,1.8922,2.1690,6,4,7,0.1997,113.2071,66.1586,2,1.2633,3.0170,33,Chinense
89.4110,1,1.9324,2,1.2430,3,0.2526,11.9140,1.3082,1.8787,5,4,9,0.3579,126.3682,64.1836,5,1.2587,2.8277,22,Chinense
118.0522,1,1.8276,4,1.1679,3,0.1633,13.3354,1.8614,2.2166,5,3,8,0.2009,109.0250,69.0867,4,1.3898,2.7275,29,Chinense
95.8595,1,1.6199,3,1.2351,4,0.0667,10.0576,1.2754,1.7174,4,2,9,0.1386,116.2967,64.0178,3,1.2439,2.9369,28,Chinense
118.2500,1,1.6970,2,1.0163,3,0.2614,10.9041,1.4654,2.0120,5,2,10,0.1881,117.6750,64.1555,6,1.1908,2.8208,29,Chinense
92.5533,1,1.9512,5,1.1235,5,0.1749,12.3394,1.5822,1.9572,5,2,7,0.2970,132.7230,63.5127,5,1.3134,2.6664,23,Chinense
140.4249,2,2.1316,2,0.9156,5,0.0929,12.8751,1.9663,2.5054,6,3,9,0.2142,126.6504,63.7535,5,1.2075,3.1005,31,Chinense
109.6207,1,1.8335,2,1.1180,4,0.1983,11.0637,1.5500,1.7665,6,1,7,0.2449,117.6742,64.0582,4,1.0635,2.9011,25,Chinense
73.0573,3,0.7529,2,1.2567,5,0.1846,9.4330,3.0955,3.2562,6,1,10,0.6475,80.5215,10.9836,4,1.0282,6.9544,25,Frutescens
84.1038,6,1.2168,1,1.0914,4,0.3661,8.9392,2.8801,3.1291,8,1,8,0.5258,112.0726,22.0286,5,1.5028,7.6443,24,Frutescens
78.9959,4,0.7274,3,0.8311,7,0.0334,8.1464,2.6586,2.5529,4,2,6,0.3546,101.9226,18.4164,4,1.6862,6.5515,12,Frutescens
79.2620,3,1.2774,1,1.0586,6,0.1912,8.7109,3.2808,3.7144,6,1,7,0.6438,127.2262,22.7992,4,1.4178,8.7561,41,Frutescens
79.2744,2,1.0889,2,1.1750,7,0.2612,9.3716,3.3172,3.6008,4,1,8,0.7556,115.9893,18.0921,5,0.9495,7.9144,38,Frutescens
79.2673,3,1.1355,2,1.1673,7,0.1872,8.9986,3.1490,3.6502,7,1,9,0.8448,110.5389,21.6894,3,1.5035,8.7671,35,Frutescens
73.3502,2,0.9576,1,1.1087,6,0.0644,8.9946,3.1541,3.4225,6,3,8,0.6901,97.3609,14.7289,4,1.4877,7.5461,27,Frutescens
84.4126,2,0.9203,2,1.0327,6,0.2327,8.9094,2.5906,2.9493,5,2,8,0.3942,127.6580,18.9393,3,1.3823,6.7965,27,Frutescens
75.2822,2,1.2656,1,1.0662,7,0.0948,9.2069,3.2223,3.5968,6,1,10,0.6458,117.3553,19.2407,3,1.3482,8.5608,40,Frutescens
78.6190,4,1.0331,1,1.0782,6,0.3067,9.1598,3.1599,3.5699,5,2,7,0.5301,117.9817,18.9322,6,1.4496,7.8770,34,Frutescens
78.8715,3,0.9599,1,1.1301,5,0.3213,8.8691,2.8036,3.2289,5,2,7,0.5959,110.3514,19.2734,3,1.5114,7.5346,27,Frutescens
72.3111,4,0.8213,2,1.0822,5,0.2551,9.2424,3.0600,3.2084,6,2,6,0.4025,97.1299,11.1319,5,1.3502,6.8651,27,Frutescens
81.9791,1,0.9872,1,1.0050,6,0.0297,9.5586,2.9571,3.1708,5,2,9,0.4884,107.7711,17.7402,4,1.0993,7.4388,29,Frutescens
86.5309,4,1.0106,2,1.1978,7,0.0759,9.1624,2.8293,3.1055,4,2,9,0.4739,123.7403,21.2310,4,1.2624,7.3014,28,Frutescens
84.7075,4,0.9199,3,1.0677,6,0.1593,9.2810,2.9428,2.9557,4,1,6,0.5410,118.0268,19.8678,6,1.2956,7.0730,26,Frutescens
83.8530,4,1.2161,1,1.1072,5,0.2845,9.1661,3.1947,3.3862,4,3,9,0.6300,130.0489,20.6684,4,1.3323,7.7825,38,Frutescens
83.8244,4,0.7394,2,1.1087,4,0.1075,8.8635,2.8584,2.7294,6,2,7,0.5435,117.4713,19.5655,4,1.6602,7.0193,21,Frutescens
84.0492,4,0.7364,1,1.1172,6,0.2931,8.9290,2.6156,2.9762,4,2,5,0.5509,117.2802,18.9588,5,1.3021,6.6563,23,Frutescens
86.7733,3,1.3326,1,1.2140,6,0.2739,9.0455,3.0342,3.5000,6,1,8,0.5521,131.7385,24.8367,5,1.4844,8.1452,34,Frutescens
78.8613,3,1.0283,1,0.9090,6,0.0182,8.6106,2.9352,3.4934,6,1,9,0.5832,130.6422,21.2724,5,1.3976,8.0330,34,Frutescens
86.9460,3,0.9223,1,1.2393,6,0.2657,9.3347,3.0613,3.3308,6,3,8,0.5584,124.7704,21.9455,3,1.2263,7.4917,31,Frutescens
76.4206,5,0.8765,2,1.1788,7,0.2662,8.8144,2.9582,2.6624,5,3,7,0.3642,82.3162,15.5070,5,1.4786,6.8172,14,Frutescens
84.3245,4,1.0384,1,1.1655,5,0.2165,9.0201,2.5372,2.8152,5,1,7,0.4446,99.8457,19.2441,5,1.2914,7.2234,18,Frutescens
87.2476,2,1.1107,1,1.0261,7,0.2274,8.4998,2.7122,3.3050,5,1,7,0.5707,120.8822,27.9907,3,1.7246,8.7766,27,Frutescens
95.4483,3,1.1215,2,1.3222,5,0.1404,9.6990,3.0962,3.6472,4,1,8,0.7882,147.7132,28.2523,4,1.2446,8.3218,43,Frutescens
78.9007,4,0.9613,1,1.1088,6,0.1293,8.8920,3.1765,3.3456,5,1,8,0.5577,124.5799,19.7480,4,1.3293,7.9758,34,Frutescens
77.4846,3,1.0909,2,1.2284,5,0.2390,9.1126,3.3984,3.8697,5,2,6,0.7316,119.7114,18.6614,4,1.5001,8.1483,39,Frutescens
74.8124,2,1.0086,2,1.1260,6,0.1093,8.8639,2.8319,3.1612,5,2,7,0.4387,112.2887,13.7919,2,1.2115,6.7709,27,Frutescens
75.9855,3,1.0998,1,1.0553,6,0.1157,9.0015,2.9344,3.2153,4,1,7,0.5817,92.6311,16.4352,3,1.3822,7.5615,25,Frutescens
83.4541,4,0.9376,1,0.9287,7,0.2242,8.3564,2.5930,2.8327,6,1,7,0.4659,127.5203,21.8930,4,1.7282,7.1405,24,Frutescens
36.7316,2,0.8253,4,0.8352,4,0.1474,1.3252,0.7050,1.2118,3,3,7,0.2001,100.3897,46.5069,2,1.5437,3.2944,31,Frutescens
34.5859,2,0.9686,4,1.1302,4,0.0052,1.3105,1.1527,1.4774,3,4,7,0.1813,121.3056,26.5190,2,1.7143,3.2494,34,Frutescens
37.3719,3,0.9103,1,0.9698,4,0.2492,1.1091,0.9501,1.1167,7,5,6,0.0452,100.7052,37.9451,4,1.6016,2.8231,33,Frutescens
34.8536,4,0.8959,3,0.9328,5,0.1168,1.3646,0.9678,1.2645,5,4,9,0.2102,97.0106,47.6615,3,1.6089,3.1614,28,Frutescens
36.3832,3,0.7653,4,0.9235,5,0.1923,1.3432,1.4149,1.8653,5,3,8,0.0854,115.4254,54.5363,3,1.6531,3.6785,44,Frutescens
38.1744,2,1.1018,3,0.7728,4,0.2029,1.4750,0.9598,1.3628,6,5,8,0.0177,95.3570,42.0563,3,1.6563,2.8317,35,Frutescens
34.8869,2,0.8262,3,0.8222,5,0.1144,1.1762,0.9944,1.1176,6,4,7,0.1091,99.3174,39.2739,3,1.6189,2.9678,26,Frutescens
31.0295,2,0.6603,4,0.9834,2,0.1532,1.4838,0.9198,1.0658,3,6,6,0.0791,102.7102,36.3619,2,1.6163,3.4593,23,Frutescens
38.3152,3,0.9014,3,0.9008,4,0.2396,1.1479,1.0508,1.3207,6,6,9,0.2448,101.6419,39.0066,3,1.5199,2.5595,33,Frutescens
33.3834,2,0.8644,3,0.9002,5,0.0218,1.3504,1.3199,1.3789,5,4,8,0.0916,109.0594,44.4523,1,1.5781,3.5328,30,Frutescens
47.7012,2,1.2364,5,0.7957,5,0.1978,0.9467,0.4838,1.0960,5,4,9,0.1179,87.8650,43.1265,2,1.4715,1.5536,41,Frutescens
35.8974,3,0.7701,3,0.9390,5,0.1161,1.2951,1.2195,1.5843,6,6,7,0.0706,109.0417,47.3406,2,1.5281,3.4248,37,Frutescens
34.8945,2,0.8959,4,0.7979,2,0.0439,1.2122,0.6912,0.7354,5,3,7,0.1258,89.0932,53.1420,4,1.3863,2.8919,20,Frutescens
37.1026,4,0.8569,2,0.9213,5,0.1391,1.1495,0.9163,1.2438,4,5,8,0.0968,113.0521,38.0911,2,1.5755,3.0538,34,Frutescens
39.6870,2,0.7835,2,0.7638,5,0.0154,1.1899,0.5547,0.5158,7,3,7,0.0699,96.6238,41.9435,1,1.3730,2.3229,27,Frutescens
35.9364,4,0.8513,3,1.0213,5,0.2093,1.0713,0.9868,1.1989,3,5,6,0.2024,102.3589,32.6581,2,1.6998,3.0391,31,Frutescens
37.8308,4,0.7871,3,0.8060,5,0.2540,1.1148,0.8850,1.4869,5,2,8,0.2004,103.8082,36.3365,3,1.8962,2.8566,35,Frutescens
37.9399,3,0.8496,3,0.8968,6,0.3307,1.0544,1.0118,1.3645,6,3,8,0.3123,98.4434,35.6788,3,1.5887,2.8821,36,Frutescens
36.7066,3,0.9101,2,0.8787,4,0.1685,1.0112,0.6201,0.9238,4,3,9,0.0156,99.7781,34.8335,2,1.5076,2.5400,26,Frutescens
41.4595,4,1.0449,4,0.6866,3,0.0967,1.0487,1.1897,1.5517,5,5,8,0.1388,110.8695,45.2249,2,1.5979,3.0314,44,Frutescens
32.0349,4,0.8092,2,1.0632,2,0.0872,1.3029,1.0757,1.3264,4,6,8,0.3226,104.4775,28.6327,3,1.8528,3.2662,27,Frutescens
38.4662,2,0.9266,3,0.6822,3,0.2866,1.1124,0.8282,1.3357,5,3,8,0.0775,109.6688,39.0150,3,1.6707,2.8582,34,Frutescens
34.9919,2,0.9849,3,0.7363,4,0.1160,1.1310,1.3687,1.6437,4,5,9,0.1475,112.7223,62.2674,2,1.4402,4.0023,36,Frutescens
38.5603,2,1.1070,1,0.7649,5,0.1545,0.9946,1.0892,1.4336,5,5,7,0.0503,104.9632,47.4893,2,1.5316,2.8907,37,Frutescens
38.4810,4,0.9539,3,0.8190,4,0.0383,1.0138,1.1467,1.6894,5,3,8,0.0914,118.6547,43.6200,2,1.5388,3.3220,43,Frutescens
41.1394,3,0.9127,2,1.0022,4,0.2633,1.1812,1.1070,1.6346,3,5,9,0.0755,116.3125,27.6426,4,1.6764,2.9598,48,Frutescens
32.2850,3,0.6254,4,1.2406,5,0.2374,1.3342,0.8917,1.0131,3,2,6,0.1515,102.7098,19.0085,1,1.9348,2.7852,20,Frutescens
35.0376,3,0.9786,3,1.0894,3,0.2602,1.1940,0.8680,1.3485,6,6,8,0.1297,98.7706,35.3712,3,1.5931,2.8441,30,Frutescens
39.3524,3,1.0261,2,0.7623,5,0.0798,1.0324,1.3960,1.9968,4,4,9,0.0579,129.5930,41.9590,3,1.7119,3.4235,49,Frutescens
34.7113,2,0.9182,2,0.9778,5,0.1973,1.2313,0.9107,1.3681,5,4,8,0.1044,103.0182,38.7179,2,1.5831,3.2231,33,Frutescens
84.6811,2,0.5647,1,0.7822,4,0.1440,10.7621,0.0906,0.2061,3,4,8,0.0122,113.8289,41.0285,4,1.4467,1.9378,14,Frutescens
91.8303,2,0.7278,1,0.8453,4,0.0447,10.5509,0.1002,0.1335,6,4,8,0.0482,118.7742,30.5171,3,1.4988,1.3017,7,Frutescens
84.0378,3,0.6790,2,0.8463,6,0.1194,11.2408,0.1968,0.1581,5,5,8,0.0115,107.4614,33.7962,5,1.4836,1.9347,14,Frutescens
82.5567,3,0.5650,2,0.8456,5,0.0875,10.7823,0.2780,0.3735,6,3,8,0.1444,110.1252,30.9996,4,1.4946,2.0865,18,Frutescens
81.4617,4,0.5013,1,0.7343,4,0.1288,9.1701,0.3176,0.2385,5,4,9,0.1097,115.7970,53.2881,4,1.1287,2.1966,16,Frutescens
82.4116,4,0.7013,2,0.6329,3,0.1158,9.5950,0.1975,0.3507,5,4,9,0.1796,112.1470,32.2364,5,1.4092,1.9855,18,Frutescens
80.7347,2,0.6561,3,0.6628,3,0.0208,10.6732,0.4031,0.5955,5,5,5,0.0089,108.3809,37.9974,6,1.4930,2.1850,19,Frutescens
83.0009,2,0.5873,3,0.7023,3,0.1109,10.2632,0.4232,0.4928,3,4,7,0.1765,115.9537,34.6666,4,1.2577,2.0513,19,Frutescens
88.1775,2,0.5010,3,0.6929,3,0.0952,10.0642,0.0147,0.3369,4,5,7,0.0524,119.8250,24.0297,3,1.3828,1.5435,15,Frutescens
84.8222,4,0.4130,1,0.5701,3,0.1417,10.0865,0.2167,0.2505,6,3,9,0.0826,111.9101,38.6815,3,1.3207,1.7339,13,Frutescens
84.8385,5,0.5651,2,0.8600,4,0.1140,10.7668,0.1092,0.4251,4,4,10,0.0038,116.8082,38.0518,4,1.2135,1.8686,15,Frutescens
77.0244,4,0.4229,3,0.5568,4,0.0568,10.5213,0.2660,0.7210,6,6,8,0.2319,109.0790,40.9543,4,1.4213,2.7129,24,Frutescens
85.1091,4,0.3512,2,0.7754,5,0.0381,11.4483,0.1495,0.0932,5,6,8,0.0172,111.3611,40.9211,4,1.3183,1.9603,12,Frutescens
82.3570,2,0.7028,1,0.8141,5,0.0506,11.7330,0.1943,0.3131,6,4,7,0.1855,106.9153,32.9579,4,1.6029,2.1265,17,Frutescens
80.5395,3,0.4874,2,0.9547,4,0.1159,10.1480,0.2327,0.2142,6,3,8,0.1091,108.1084,43.8504,4,1.3510,2.2386,17,Frutescens
83.9219,3,0.4991,2,0.8369,4,0.1404,10.4910,0.1374,0.5015,8,4,8,0.1492,116.2258,33.6266,3,1.4889,2.0290,17,Frutescens
85.2461,4,0.4124,2,0.7808,5,0.1560,10.7792,0.1395,0.2963,4,3,7,0.1723,109.2954,47.5605,3,1.3306,1.8326,10,Frutescens
78.1259,4,0.6010,2,0.5952,4,0.0756,9.9031,0.3835,0.4753,4,4,9,0.1022,119.9407,35.9718,4,1.3420,2.4592,27,Frutescens
86.2667,3,0.6288,1,0.7337,3,0.1951,12.1886,0.2178,0.1869,3,4,7,0.0639,118.6976,18.3755,3,1.4819,1.7414,20,Frutescens
84.4333,4,0.4311,1,0.7921,4,0.1189,10.2073,0.2689,0.4229,4,4,9,0.1178,120.3984,27.4494,5,1.4438,2.0169,20,Frutescens
79.2030,4,0.5592,1,0.6007,4,0.2529,9.8729,0.3114,0.4037,3,4,8,0.0999,107.8529,46.3017,4,1.4493,2.3370,18,Frutescens
84.5159,1,0.3647,2,0.5568,4,0.1950,10.6611,0.0070,0.3898,4,5,8,0.0426,109.9364,39.4951,5,1.3519,1.8367,13,Frutescens
82.2989,2,0.3194,3,0.7705,3,0.0727,10.6924,0.4157,0.3192,7,3,9,0.0786,111.5872,35.4890,4,1.2589,2.0977,18,Frutescens
80.3778,3,0.6103,1,0.7832,2,0.0054,10.6918,0.2051,0.4812,6,4,7,0.1750,115.4656,35.9590,4,1.4115,2.3238,22,Frutescens
81.1645,3,0.4637,2,0.6809,4,0.0878,10.6750,0.2196,0.4766,3,4,5,0.1398,112.9512,37.4103,5,1.2874,2.2246,20,Frutescens
85.3601,2,0.4536,1,0.8961,3,0.0572,10.9009,0.2044,0.4477,5,3,8,0.0337,112.6743,37.6135,3,1.3486,1.9026,13,Frutescens
91.7351,4,0.5124,3,0.8599,4,0.1016,10.5634,0.1248,0.3455,4,2,6,0.1689,126.1560,17.7571,4,1.2851,1.1200,13,Frutescens
83.5761,4,0.4691,1,0.6891,3,0.1457,10.2155,0.1584,0.4669,5,4,7,0.1353,112.6427,31.1338,3,1.5260,1.9140,18,Frutescens
89.7902,2,0.5586,1,0.5870,4,0.0823,10.0364,0.0438,0.3313,4,5,9,0.0934,126.6360,31.6337,4,1.1130,1.5362,13,Frutescens
82.9185,6,0.6539,2,0.9048,3,0.1551,9.9602,0.3461,0.4349,4,4,9,0.1676,114.8902,21.8294,4,1.5843,2.0249,21,Frutescens
35.7303,3,1.4432,4,0.6517,8,0.1343,7.7805,1.5337,1.9552,7,1,7,0.1471,32.1266,11.2243,1,1.9710,2.0505,29,Frutescens
36.5666,2,1.6480,3,0.9287,4,0.1470,8.1419,2.0784,2.4390,8,2,10,0.2800,28.7701,11.8136,2,2.0397,2.3387,24,Frutescens
42.9551,3,1.2206,4,0.4416,6,0.3097,7.4118,1.0666,1.3200,7,4,9,0.0924,38.8678,9.6786,2,1.9355,1.7144,24,Frutescens
40.5342,3,1.4152,4,0.6422,5,0.2827,7.6492,1.3890,1.5784,7,1,7,0.2151,35.0347,10.3585,2,1.8334,2.1435,24,Frutescens
36.3851,4,1.5635,3,0.8282,5,0.2421,8.0878,0.9732,1.0888,6,2,8,0.1863,31.8262,10.7465,2,1.6700,1.6899,12,Frutescens
41.0534,3,1.5486,4,0.8465,6,0.0735,8.3224,1.5023,1.7633,6,1,10,0.2705,32.6144,10.6801,1,1.9298,2.4110,20,Frutescens
37.7863,3,1.6421,3,0.5489,5,0.0631,7.6827,2.0285,2.6073,7,2,7,0.1570,30.8629,11.7456,1,1.9468,2.7227,32,Frutescens
38.3915,4,1.4855,4,0.9213,6,0.3268,8.8409,1.1426,0.9460,8,1,9,0.0948,31.7333,10.7341,2,1.6760,1.6369,10,Frutescens
40.3193,4,1.3423,1,0.7568,7,0.0703,7.8013,1.1791,1.4400,7,3,8,0.0569,34.3636,10.4626,2,1.7259,1.8883,19,Frutescens
42.1204,4,1.4680,3,0.5763,6,0.0965,7.7817,1.4309,1.9358,5,1,8,0.1015,36.3451,10.3933,1,2.0107,2.1490,31,Frutescens
41.7280,2,1.5395,4,0.6998,6,0.0559,8.4210,1.2379,1.4196,7,2,8,0.1595,34.8695,10.2996,2,1.9956,2.1227,21,Frutescens
45.9674,5,1.2232,3,0.8357,6,0.2608,8.1272,0.9532,1.2173,8,1,7,0.2686,38.8819,9.4937,1,1.8857,1.7536,18,Frutescens
38.4777,3,1.3642,3,0.7010,6,0.3277,8.0570,1.5784,1.9883,5,2,9,0.0718,30.2708,11.1818,1,1.8479,2.3075,19,Frutescens
36.0396,2,1.5312,2,0.8184,6,0.4435,7.9696,1.2947,1.6146,7,2,8,0.3138,31.7369,11.3109,1,1.7938,1.8792,23,Frutescens
38.1193,4,1.3818,4,0.7515,6,0.1623,7.2012,1.5731,1.7079,7,1,7,0.1038,33.9904,10.7418,2,1.7243,2.1716,24,Frutescens
40.8443,4,1.4080,4,0.7881,7,0.3591,7.7277,1.2757,1.5189,5,2,7,0.1127,36.3056,10.3394,1,1.9794,1.9610,26,Frutescens
39.2944,3,1.6679,3,0.9821,7,0.3896,8.7606,1.2576,1.3626,6,3,9,0.0149,32.2293,10.8403,2,1.8565,1.7972,17,Frutescens
44.8812,5,1.2659,2,0.7851,8,0.2398,8.1867,1.2555,1.4063,9,2,7,0.2523,36.8556,10.0076,1,1.9666,1.9537,21,Frutescens
35.8061,3,1.2803,2,0.9171,4,0.3205,6.4377,1.2767,1.6082,7,1,9,0.1576,33.7650,10.7790,1,1.6137,2.2178,20,Frutescens
39.4459,4,1.2243,4,1.0497,5,0.1260,8.1179,1.1226,1.1113,7,1,6,0.0268,33.7385,10.3622,1,1.6033,1.7155,13,Frutescens
41.9719,3,1.6329,2,0.9971,4,0.3044,9.3934,1.9233,2.0750,6,2,7,0.3419,29.6017,11.2755,1,1.9155,2.4379,18,Frutescens
42.0856,3,1.4003,1,0.7303,6,0.2665,7.2828,1.2206,1.3675,6,2,9,0.0842,37.5486,10.1320,2,1.8244,1.9695,29,Frutescens
40.2934,4,1.5197,2,0.9148,7,0.2518,8.2206,1.2901,1.3843,7,2,7,0.1460,33.4638,10.5622,1,1.7187,1.8825,17,Frutescens
41.5360,3,1.6903,3,0.8249,3,0.2959,8.9350,1.6692,1.7916,10,1,7,0.0941,32.5056,10.9905,1,1.8838,2.2851,24,Frutescens
41.2492,3,1.3928,4,0.9270,5,0.2451,8.1367,1.5590,1.7259,7,2,9,0.3064,33.8108,10.7509,2,1.9638,2.0672,24,Frutescens
41.8798,2,1.4536,2,1.2667,6,0.2375,8.6998,1.1918,1.0160,7,1,9,0.3837,32.6202,10.3580,1,1.5706,1.8562,3,Frutescens
44.5175,3,1.2561,2,0.6914,8,0.0820,7.7931,1.2239,1.4506,7,2,6,0.1562,37.2858,9.8100,1,2.0305,2.0081,18,Frutescens
41.3338,3,1.6169,4,0.7706,8,0.2737,8.0685,1.3865,1.9739,8,2,8,0.1786,34.5631,10.7608,2,1.7879,2.1229,24,Frutescens
41.2208,2,1.4318,2,0.7881,6,0.2066,7.6082,0.7886,0.9043,7,1,7,0.0572,35.8091,9.9214,1,1.7634,1.7499,12,Frutescens
40.2729,3,1.5027,1,1.1450,6,0.1833,8.5493,1.9791,2.2524,7,2,9,0.1958,30.1942,11.5352,1,1.9084,2.4060,21,Frutescens
96.6566,2,1.0154,2,0.5509,2,0.1018,11.6288,0.8464,1.2048,6,2,7,0.0917,160.0151,105.0482,1,0.9677,3.5139,28,Frutescens
93.6267,4,0.7315,1,0.5096,5,0.1388,12.0063,0.9264,1.3047,4,3,6,0.1037,141.0662,108.8584,2,1.1045,3.3517,30,Frutescens
61.4484,2,0.7157,3,0.6888,3,0.1560,11.0301,0.7065,1.1387,7,5,7,0.1509,126.0908,74.2798,3,1.2068,2.9404,28,Frutescens
66.1096,1,0.6532,1,0.8600,5,0.3245,15.6197,0.4027,0.8342,4,4,7,0.1621,111.4573,86.0276,3,1.3401,2.7174,16,Frutescens
77.4494,1,0.8104,1,0.5962,3,0.0902,12.4689,0.6802,1.0320,5,3,8,0.1562,127.6007,95.2054,2,1.1765,3.0255,28,Frutescens
78.9285,3,0.8740,1,0.8546,3,0.0990,12.5903,0.9863,1.0568,6,4,8,0.1505,142.5306,91.4235,3,1.1401,3.1153,24,Frutescens
76.5014,2,0.7439,3,0.6062,4,0.4043,14.8104,0.7345,0.9831,6,1,7,0.1090,132.0091,94.9108,2,1.1364,2.9710,19,Frutescens
87.3822,1,0.5790,3,0.7865,5,0.1796,13.5421,0.4425,0.8130,3,5,8,0.0211,129.4359,100.8559,3,1.1150,2.9871,23,Frutescens
101.3572,2,0.6592,2,0.5510,4,0.1630,13.0933,0.5783,1.0415,4,5,8,0.2114,138.3360,110.0745,1,1.0963,2.9657,27,Frutescens
68.0232,2,0.5617,1,0.8147,4,0.2583,17.9722,0.2139,0.2964,4,3,8,0.0022,106.4096,90.2511,4,1.3778,2.4213,9,Frutescens
83.2236,3,0.8745,2,0.7760,4,0.1609,13.3399,0.7426,1.2341,5,3,7,0.1017,136.0296,100.5044,2,1.2088,3.1250,23,Frutescens
81.3283,3,0.5635,1,0.6550,4,0.0520,16.0990,0.3354,0.4326,2,5,7,0.0594,139.4639,90.7769,1,1.2287,2.6875,12,Frutescens
67.6566,1,1.1062,3,0.7187,3,0.1501,10.4010,1.1184,1.4984,6,5,7,0.0611,139.8169,88.0201,3,1.0210,3.2237,31,Frutescens
70.7888,2,0.9251,2,0.6842,4,0.1734,13.0794,0.9667,1.1712,6,5,6,0.0524,124.8227,94.0257,1,1.2382,3.0664,25,Frutescens
85.2289,2,0.6676,2,0.5047,2,0.0823,13.7069,0.6042,0.8477,6,4,6,0.1061,133.8173,97.9912,1,1.1255,3.0950,22,Frutescens
68.3612,2,1.0798,1,0.6094,5,0.3002,11.9467,0.9029,1.3133,5,4,7,0.0850,137.0088,91.1494,3,1.1697,3.2914,27,Frutescens
87.8829,1,0.9504,1,0.6373,3,0.0641,12.4020,0.8157,1.2837,4,4,7,0.0794,143.0542,99.6917,3,1.1112,3.2043,26,Frutescens
78.9438,4,0.5831,2,0.7735,5,0.1563,13.3635,0.2778,0.7385,4,4,7,0.1312,135.1997,80.5521,2,1.0375,2.7291,19,Frutescens
66.1227,3,0.7555,3,0.8179,4,0.3308,13.2120,0.5656,0.9032,4,3,7,0.1032,118.5283,81.0062,4,1.1261,2.4904,22,Frutescens
65.5275,2,0.6678,2,0.7697,4,0.1495,15.1806,0.4973,0.6706,4,5,5,0.0631,114.1535,83.3846,2,1.1915,2.5191,17,Frutescens
90.3848,2,0.5024,2,0.7551,4,0.0958,16.2292,0.3524,0.5858,6,4,6,0.1505,126.5711,105.3394,2,1.3711,2.8199,15,Frutescens
77.6139,3,0.9803,1,0.7945,6,0.1572,14.1874,0.7647,0.8523,8,4,6,0.1989,140.3536,91.9422,2,1.2112,2.8357,18,Frutescens
58.8456,3,0.7119,2,0.7617,4,0.1711,14.7749,0.5508,0.7750,5,2,5,0.0523,110.9434,81.5663,3,1.2846,2.6203,19,Frutescens
54.2181,4,0.8465,1,0.8131,6,0.1402,13.9210,0.5276,0.8365,5,6,6,0.1379,113.8710,75.9763,3,1.2655,2.5695,20,Frutescens
84.4552,3,0.8552,1,0.7074,2,0.0570,13.0689,0.5564,0.7995,6,4,6,0.2337,133.5375,93.0195,2,1.1023,2.9606,23,Frutescens
85.7304,2,1.1055,2,0.6820,3,0.1362,11.2499,0.9685,1.2409,7,4,6,0.0883,148.8297,98.8427,2,1.0774,3.4430,30,Frutescens
87.4299,3,0.8646,1,0.7457,4,0.3211,11.8094,0.9383,1.2867,5,5,7,0.1896,132.8854,103.8212,4,1.2618,3.1431,29,Frutescens
67.4364,4,0.9228,2,0.7918,3,0.0702,12.5467,0.6829,1.1166,5,5,8,0.2336,126.0781,91.0483,1,1.2138,3.0340,26,Frutescens
74.3152,1,0.7889,1,0.8108,3,0.2015,16.2502,0.3933,0.6439,6,3,8,0.0476,115.4815,98.0466,2,1.3652,2.8189,16,Frutescens
92.5448,2,0.9089,2,0.5887,4,0.2437,10.7754,0.8788,1.5834,5,3,6,0.0402,155.4352,99.9498,1,0.8511,3.2785,30,Frutescens
